EnSend,帧类型,帧格式,帧ID,数据(HEX)
1,1,0,  000007FF,02 10 02 00 00 00 00 00 
0,1,0,  000007FF,02 11 01 00 00 00 00 00 
0,1,0,  00000784,02 27 01 00 00 00 00 00 
0,1,0,  00000784,06 27 02 11 12 00 00 00 
0,1,0,  000007FF,03 28 00 02 00 00 00 00 
0,0,0,  000007FF,02 3E 00 00 00 00 00 00 
0,0,0,  000007FF,02 85 01 00 00 00 00 00 
1,0,0,  000007FF,04 31 01 03 FF 00 00 00 
0,0,0,  00000000,00 01 02 03 04 05 06 07 
0,0,0,  00000000,00 01 02 03 04 05 06 07 
0,0,0,  00000000,00 01 02 03 04 05 06 07 
0,0,0,  00000000,00 01 02 03 04 05 06 07 
0,0,0,  00000000,00 01 02 03 04 05 06 07 
0,0,0,  00000000,00 01 02 03 04 05 06 07 
0,0,0,  00000000,00 01 02 03 04 05 06 07 
0,0,0,  00000000,00 01 02 03 04 05 06 07 
0,0,0,  000007FF,30 00 00 0A 0A 0A 0A 0A 
0,0,0,  00000000,00 01 02 03 04 05 06 07 
0,0,0,  00000000,00 01 02 03 04 05 06 07 
0,0,0,  00000000,00 01 02 03 04 05 06 07 
0,0,0,  00000000,00 01 02 03 04 05 06 07 
0,0,0,  00000000,00 01 02 03 04 05 06 07 
0,0,0,  00000000,00 01 02 03 04 05 06 07 
0,0,0,  00000000,00 01 02 03 04 05 06 07 
0,0,0,  00000000,00 01 02 03 04 05 06 07 
0,0,0,  00000000,00 01 02 03 04 05 06 07 
0,0,0,  00000000,00 01 02 03 04 05 06 07 
0,0,0,  00000000,00 01 02 03 04 05 06 07 
0,0,0,  00000000,00 01 02 03 04 05 06 07 
0,0,0,  00000000,00 01 02 03 04 05 06 07 
0,0,0,  00000000,00 01 02 03 04 05 06 07 
0,0,0,  00000000,00 01 02 03 04 05 06 07 
0,0,0,  00000000,00 01 02 03 04 05 06 07 
0,0,0,  00000000,00 01 02 03 04 05 06 07 
0,0,0,  00000000,00 01 02 03 04 05 06 07 
0,0,0,  00000000,00 01 02 03 04 05 06 07 
0,0,0,  00000000,00 01 02 03 04 05 06 07 
0,0,0,  00000000,00 01 02 03 04 05 06 07 
0,0,0,  00000000,00 01 02 03 04 05 06 07 
0,0,0,  00000000,00 01 02 03 04 05 06 07 
0,0,0,  00000000,00 01 02 03 04 05 06 07 
0,0,0,  00000000,00 01 02 03 04 05 06 07 
0,0,0,  00000000,00 01 02 03 04 05 06 07 
0,0,0,  00000000,00 01 02 03 04 05 06 07 
0,0,0,  00000000,00 01 02 03 04 05 06 07 
0,0,0,  00000000,00 01 02 03 04 05 06 07 
0,0,0,  00000000,00 01 02 03 04 05 06 07 
0,0,0,  00000000,00 01 02 03 04 05 06 07 
0,0,0,  00000000,00 01 02 03 04 05 06 07 
0,0,0,  00000000,00 01 02 03 04 05 06 07 
0,0,0,  00000000,00 01 02 03 04 05 06 07 
0,0,0,  00000000,00 01 02 03 04 05 06 07 
0,0,0,  00000000,00 01 02 03 04 05 06 07 
0,0,0,  00000000,00 01 02 03 04 05 06 07 
0,0,0,  00000000,00 01 02 03 04 05 06 07 
0,0,0,  00000000,00 01 02 03 04 05 06 07 
0,0,0,  00000000,00 01 02 03 04 05 06 07 
0,0,0,  00000000,00 01 02 03 04 05 06 07 
0,0,0,  00000000,00 01 02 03 04 05 06 07 
0,0,0,  00000000,00 01 02 03 04 05 06 07 
0,0,0,  00000000,00 01 02 03 04 05 06 07 
0,0,0,  00000000,00 01 02 03 04 05 06 07 
0,0,0,  00000000,00 01 02 03 04 05 06 07 
0,0,0,  00000000,00 01 02 03 04 05 06 07 
0,0,0,  00000000,00 01 02 03 04 05 06 07 
0,0,0,  00000000,00 01 02 03 04 05 06 07 
0,0,0,  00000000,00 01 02 03 04 05 06 07 
0,0,0,  00000000,00 01 02 03 04 05 06 07 
0,0,0,  00000000,00 01 02 03 04 05 06 07 
0,0,0,  00000000,00 01 02 03 04 05 06 07 
0,0,0,  00000000,00 01 02 03 04 05 06 07 
0,0,0,  00000000,00 01 02 03 04 05 06 07 
0,0,0,  00000000,00 01 02 03 04 05 06 07 
0,0,0,  00000000,00 01 02 03 04 05 06 07 
0,0,0,  00000000,00 01 02 03 04 05 06 07 
0,0,0,  00000000,00 01 02 03 04 05 06 07 
0,0,0,  00000000,00 01 02 03 04 05 06 07 
0,0,0,  00000000,00 01 02 03 04 05 06 07 
0,0,0,  00000000,00 01 02 03 04 05 06 07 
0,0,0,  00000000,00 01 02 03 04 05 06 07 
0,0,0,  00000000,00 01 02 03 04 05 06 07 
0,0,0,  00000000,00 01 02 03 04 05 06 07 
0,0,0,  00000000,00 01 02 03 04 05 06 07 
0,0,0,  00000000,00 01 02 03 04 05 06 07 
0,0,0,  00000000,00 01 02 03 04 05 06 07 
0,0,0,  00000000,00 01 02 03 04 05 06 07 
0,0,0,  00000000,00 01 02 03 04 05 06 07 
0,0,0,  00000000,00 01 02 03 04 05 06 07 
0,0,0,  00000000,00 01 02 03 04 05 06 07 
0,0,0,  00000000,00 01 02 03 04 05 06 07 
0,0,0,  00000000,00 01 02 03 04 05 06 07 
0,0,0,  00000000,00 01 02 03 04 05 06 07 
0,0,0,  00000000,00 01 02 03 04 05 06 07 
0,0,0,  00000000,00 01 02 03 04 05 06 07 
0,0,0,  00000000,00 01 02 03 04 05 06 07 
0,0,0,  00000000,00 01 02 03 04 05 06 07 
0,0,0,  00000000,00 01 02 03 04 05 06 07 
0,0,0,  00000000,00 01 02 03 04 05 06 07 
0,0,0,  00000000,00 01 02 03 04 05 06 07 
0,0,0,  000007FF,30 00 00 0A 0A 0A 0A 0A 
